"Name","State","Notes","User","Tags","Created","Runtime","Sweep","batch_size","chain_length","chunks","cuda","discrete_comm","embedding_size","epochs","group","hidden_size","log_interval","lr","max_message_len","name","num_batches_per_epoch","num_batchs_per_epoch","num_colors","num_listener_views","num_reward_matrices","num_shapes","partial_reward_matrix","save_dir","save_outputs","use_same_agent","vocab_size","wandb","wandb_project_name","current_epoch","train_accuracy","train_accuracy_0","train_accuracy_1","train_accuracy_2","train_accuracy_3","train_accuracy_4","train_loss","train_loss_0","train_loss_1","train_loss_2","train_loss_3","train_loss_4","train_prediction_index","train_reward","train_reward_0","train_reward_1","train_reward_2","train_reward_3","train_reward_4","val_accuracy","val_accuracy_0","val_accuracy_1","val_accuracy_2","val_accuracy_3","val_accuracy_4","val_loss","val_loss_0","val_loss_1","val_loss_2","val_loss_3","val_loss_4","val_prediction_index","val_reward","val_reward_0","val_reward_1","val_reward_2","val_reward_3","val_reward_4"
"4x4-partial_chunk-2_chain-len-5_run-5","finished","-","dharakyu","","2022-06-03T03:59:24.000Z","3250","","32","5","[2,4,6,8,10,12]","true","true","64","100","4x4-partial_chunk-2_chain-len-5","100","100","0.00001","4","4x4-partial_chunk-2_chain-len-5_run-5","100","","4","1","","4","true","/home/dharakyu/signaling-bandits/outputs","true","true","80","true","signaling-bandits","99","","0.56","0.6234375","0.6228125","0.640625","0.6503125","","-0.7558675992488861","-0.9542611491680144","-0.9685501542687416","-1.015594013929367","-1.0334871789813045","","","0.4990558500172413","0.6312899773151712","0.6410123846757243","0.6721586618429723","0.6891748897252682","","0.5521875","0.6253125","0.633125","0.6328125","0.643125","","-0.7199753659963608","-0.9400188395380974","-0.977151648402214","-0.9647102612257004","-0.9883486300706864","","","0.4865363858614763","0.6342984706276605","0.6617917180673919","0.6529635497920855","0.6684271820762329"
"4x4-partial_chunk-2_chain-len-5_run-4","finished","-","dharakyu","","2022-06-03T03:01:52.000Z","3438","","32","5","[2,4,6,8,10,12]","true","true","64","100","4x4-partial_chunk-2_chain-len-5","100","100","0.00001","4","4x4-partial_chunk-2_chain-len-5_run-4","100","","4","1","","4","true","/home/dharakyu/signaling-bandits/outputs","true","true","80","true","signaling-bandits","99","","0.5496875","0.6053125","0.59125","0.599375","0.6040625","","-0.7324867421388626","-0.9002481111884117","-0.8822685557603837","-0.8875996914505958","-0.898347449451685","","","0.49362021469281536","0.610581572025485","0.5977153846796323","0.602138453365813","0.6073761739997188","","0.5234375","0.5971875","0.60625","0.60875","0.6125","","-0.6288607206195593","-0.8505346146225929","-0.88050836622715","-0.8730071267485618","-0.8753335377573968","","","0.4356839804721602","0.5911532139046735","0.6088721731052611","0.6027954459108131","0.6014019497653789"
"4x4-partial_chunk-2_chain-len-5_run-3","finished","-","dharakyu","","2022-06-03T02:08:23.000Z","3196","","32","5","[2,4,6,8,10,12]","true","true","64","100","4x4-partial_chunk-2_chain-len-5","100","100","0.00001","4","4x4-partial_chunk-2_chain-len-5_run-3","100","","4","1","","4","true","/home/dharakyu/signaling-bandits/outputs","true","true","80","true","signaling-bandits","99","","0.5628125","0.6059375","0.6103125","0.6084375","0.6234375","","-0.710827996879816","-0.860661333501339","-0.8794956228137016","-0.8907711976766586","-0.9212150460481644","","","0.48484211776130653","0.5915637692218394","0.6040499251835022","0.6175523681814319","0.6370380476540506","","0.563125","0.5903125","0.603125","0.619375","0.6121875","","-0.7575681553781033","-0.8628984996676445","-0.8979036051034928","-0.9481593045592308","-0.936222658008337","","","0.5019736276914972","0.5770338372804161","0.602460090506756","0.6371873924152067","0.630707584278623"
"4x4-partial_chunk-2_chain-len-2_run-5","finished","-","dharakyu","","2022-06-03T01:51:45.000Z","1563","","32","2","[2,4,6,8,10,12]","true","true","64","100","4x4-partial_chunk-2_chain-len-2","100","100","0.00001","4","4x4-partial_chunk-2_chain-len-2_run-5","100","","4","1","","4","true","/home/dharakyu/signaling-bandits/outputs","true","true","80","true","signaling-bandits","99","","0.5528125","0.603125","","","","","-0.7664823359251023","-0.8581536918878555","","","","","","0.5138591708794636","0.5783404244348683","","","","","0.5540625","0.5815625","","","","","-0.724829106926918","-0.8332711379975081","","","","","","0.48641433691838626","0.5569112768815146","","",""
"4x4-partial_chunk-2_chain-len-2_run-4","finished","-","dharakyu","","2022-06-03T01:14:44.000Z","2209","","32","2","[2,4,6,8,10,12]","true","true","64","100","4x4-partial_chunk-2_chain-len-2","100","100","0.00001","4","4x4-partial_chunk-2_chain-len-2_run-4","100","","4","1","","4","true","/home/dharakyu/signaling-bandits/outputs","true","true","80","true","signaling-bandits","99","","0.5496875","0.5740625","","","","","-0.7369232046604156","-0.8415918520092964","","","","","","0.5067998848995591","0.5750753616698832","","","","","0.521875","0.5784375","","","","","-0.6979535941779613","-0.8450609523057938","","","","","","0.4668001728516801","0.5629329468569026","","",""
"4x4-partial_chunk-2_chain-len-5_run-2","finished","-","dharakyu","","2022-06-03T01:11:33.000Z","3398","","32","5","[2,4,6,8,10,12]","true","true","64","100","4x4-partial_chunk-2_chain-len-5","100","100","0.00001","4","4x4-partial_chunk-2_chain-len-5_run-2","100","","4","1","","4","true","/home/dharakyu/signaling-bandits/outputs","true","true","80","true","signaling-bandits","99","","0.570625","0.601875","0.6134375","0.6284375","0.6165625","","-0.7653053496778012","-0.8781751677393913","-0.9265244165062904","-0.9427882632613184","-0.9235059222579004","","","0.5079146230363142","0.5836543940482081","0.6181965376848401","0.6325972208210174","0.618569081282648","","0.5615625","0.591875","0.6034375","0.610625","0.613125","","-0.7584101393818855","-0.8641798523068428","-0.9151219308376312","-0.9372268140316008","-0.9475471550226212","","","0.5065472427799583","0.5779069231509777","0.6116344338481173","0.6297403058320364","0.631223863325437"
"4x4-partial_chunk-2_chain-len-5_run-1","finished","-","dharakyu","","2022-06-03T00:18:39.000Z","3156","","32","5","[2,4,6,8,10,12]","true","true","64","100","4x4-partial_chunk-2_chain-len-5","100","100","0.00001","4","4x4-partial_chunk-2_chain-len-5_run-1","100","","4","1","","4","true","/home/dharakyu/signaling-bandits/outputs","true","true","80","true","signaling-bandits","99","","0.5475","0.6053125","0.614375","0.616875","0.6178125","","-0.7366516262292861","-0.8946004378795623","-0.953373027779162","-0.9562292659282684","-0.9635888373851776","","","0.4889665275115978","0.6019383610603893","0.6388384104624913","0.6450626807724001","0.648353840420586","","0.559375","0.618125","0.6346875","0.648125","0.6546875","","-0.7846899938583374","-0.9463544058799744","-0.994523009955883","-1.02250452876091","-1.0287253591418266","","","0.5125035664946461","0.6222262752408197","0.6530459917524811","0.6732095444907397","0.6765669090898923"
"4x4-partial_chunk-2_chain-len-4_run-5","finished","-","dharakyu","","2022-06-02T23:37:59.000Z","2431","","32","4","[2,4,6,8,10,12]","true","true","64","100","4x4-partial_chunk-2_chain-len-4","100","100","0.00001","4","4x4-partial_chunk-2_chain-len-4_run-5","100","","4","1","","4","true","/home/dharakyu/signaling-bandits/outputs","true","true","80","true","signaling-bandits","99","","0.5646875","0.619375","0.628125","0.6340625","","","-0.7753394538350403","-0.9359744064509868","-0.967808285355568","-0.9904599913954736","","","","0.5090161867474192","0.6185992282356253","0.6391239399325401","0.6564881707532173","","","0.56","0.59875","0.6296875","0.6359375","","","-0.7028136821463704","-0.8434398809075355","-0.910316979587078","-0.9215497797727584","","","","0.4818548738653527","0.5827456161260899","0.6304257873770756","0.642488581205881",""
"4x4-partial_chunk-2_chain-len-4_run-4","finished","-","dharakyu","","2022-06-02T22:57:09.000Z","2440","","32","4","[2,4,6,8,10,12]","true","true","64","100","4x4-partial_chunk-2_chain-len-4","100","100","0.00001","4","4x4-partial_chunk-2_chain-len-4_run-4","100","","4","1","","4","true","/home/dharakyu/signaling-bandits/outputs","true","true","80","true","signaling-bandits","99","","0.5559375","0.60125","0.61875","0.61125","","","-0.7274838746339083","-0.8855158542096615","-0.9215584675967692","-0.92651486992836","","","","0.4902340473883145","0.5960211679095843","0.6184224099632113","0.626980182713457","","","0.556875","0.5825","0.605","0.611875","","","-0.7163092070817947","-0.7936472709476948","-0.8862744086980819","-0.8979625947773456","","","","0.48134819309320714","0.539006005332116","0.5988229104005934","0.6080683419891275",""
"4x4-partial_chunk-2_chain-len-4_run-3","finished","-","dharakyu","","2022-06-02T22:16:14.000Z","2447","","32","4","[2,4,6,8,10,12]","true","true","64","100","4x4-partial_chunk-2_chain-len-4","100","100","0.00001","4","4x4-partial_chunk-2_chain-len-4_run-3","100","","4","1","","4","true","/home/dharakyu/signaling-bandits/outputs","true","true","80","true","signaling-bandits","99","","0.543125","0.605","0.613125","0.6303125","","","-0.7166612397879362","-0.8797404477000237","-0.9255223479866982","-0.9605208802223204","","","","0.48188512574350745","0.5930343214682814","0.6250473421813395","0.6535666745572511","","","0.5459375","0.593125","0.613125","0.61125","","","-0.6874649038910866","-0.8540008087456227","-0.9181907327473164","-0.9193645253777504","","","","0.46283513203594223","0.5765742204969284","0.6224926731750204","0.625824925874879",""
"4x4-partial_chunk-10_chain-len-2_run-5","finished","-","dharakyu","","2022-06-02T21:39:26.000Z","1672","","32","2","[10,15]","true","true","64","100","4x4-partial_chunk-10_chain-len-2","100","100","0.00001","4","4x4-partial_chunk-10_chain-len-2_run-5","100","","4","1","","4","true","/home/dharakyu/signaling-bandits/outputs","false","false","80","true","signaling-bandits","99","","0.74","0.70125","","","","","-1.1840323966741562","-1.0944229900836944","","","","","","0.8211010495795301","0.7587810082768606","","","","","0.7478125","0.6815625","","","","","-1.2507795649766922","-1.1239083409309387","","","","","","0.8375118293984173","0.7548514214757782","","",""
"4x4-partial_chunk-2_chain-len-4_run-2","finished","-","dharakyu","","2022-06-02T21:28:57.000Z","2828","","32","4","[2,4,6,8,10,12]","true","true","64","100","4x4-partial_chunk-2_chain-len-4","100","100","0.00001","4","4x4-partial_chunk-2_chain-len-4_run-2","100","","4","1","","4","true","/home/dharakyu/signaling-bandits/outputs","true","true","80","true","signaling-bandits","99","","0.5384375","0.591875","0.614375","0.6175","","","-0.6927828413248062","-0.8712026557326317","-0.93834374666214","-0.935707198381424","","","","0.4678028485408901","0.5939667725032115","0.638089059866936","0.6373875475321393","","","0.5615625","0.6065625","0.63875","0.636875","","","-0.7692990695685148","-0.9324070999026298","-1.0021571442484856","-1.0028344812989234","","","","0.5120365271803645","0.6214045149345684","0.6698428179091411","0.6728459664792198",""
"4x4-partial_chunk-10_chain-len-2_run-4","finished","-","dharakyu","","2022-06-02T21:11:32.000Z","1665","","32","2","[10,15]","true","true","64","100","4x4-partial_chunk-10_chain-len-2","100","100","0.00001","4","4x4-partial_chunk-10_chain-len-2_run-4","100","","4","1","","4","true","/home/dharakyu/signaling-bandits/outputs","false","false","80","true","signaling-bandits","99","","0.75125","0.689375","","","","","-1.2582105940580368","-1.1320715045928955","","","","","","0.8379732579053519","0.7536866752018425","","","","","0.755","0.7025","","","","","-1.2213536965847016","-1.0985140484571456","","","","","","0.8439818070096813","0.7587471987158465","","",""
"4x4-partial_chunk-10_chain-len-2_run-3","finished","-","dharakyu","","2022-06-02T20:43:21.000Z","1682","","32","2","[10,15]","true","true","64","100","4x4-partial_chunk-10_chain-len-2","100","100","0.00001","4","4x4-partial_chunk-10_chain-len-2_run-3","100","","4","1","","4","true","/home/dharakyu/signaling-bandits/outputs","false","false","80","true","signaling-bandits","99","","0.7275","0.6909375","","","","","-1.1851932662725448","-1.1314735102653504","","","","","","0.8097413967957807","0.7730796810776367","","","","","0.736875","0.694375","","","","","-1.2141927391290666","-1.1394002771377565","","","","","","0.8231597040797681","0.769935455060548","","",""
"4x4-partial_chunk-2_chain-len-4_run-1","finished","-","dharakyu","","2022-06-02T20:41:23.000Z","2845","","32","4","[2,4,6,8,10,12]","true","true","64","100","4x4-partial_chunk-2_chain-len-4","100","100","0.00001","4","4x4-partial_chunk-2_chain-len-4_run-1","100","","4","1","","4","true","/home/dharakyu/signaling-bandits/outputs","true","true","80","true","signaling-bandits","99","","0.54875","0.6171875","0.64","0.6390625","","","-0.7130930490791798","-0.9078480726480485","-0.970591847896576","-0.9788685327768326","","","","0.48325474519221273","0.6143944358489307","0.6607487992507035","0.6630276841561665","","","0.5534375","0.61375","0.6290625","0.6353125","","","-0.7531038661301136","-0.9402822211384774","-0.9775396248698236","-0.9941401800513268","","","","0.507605810589613","0.6334385843265518","0.6580502576372834","0.6695738285156889",""
"4x4-partial_chunk-10_chain-len-2_run-2","finished","-","dharakyu","","2022-06-02T20:15:24.000Z","1667","","32","2","[10,15]","true","true","64","100","4x4-partial_chunk-10_chain-len-2","100","100","0.00001","4","4x4-partial_chunk-10_chain-len-2_run-2","100","","4","1","","4","true","/home/dharakyu/signaling-bandits/outputs","false","false","80","true","signaling-bandits","99","","0.74375","0.686875","","","","","-1.2342720448970794","-1.1210262900590895","","","","","","0.8288664549938595","0.7518492661206168","","","","","0.7209375","0.6834375","","","","","-1.1956827253103255","-1.1086167854070663","","","","","","0.8133213690992865","0.7510659525307402","","",""
"4x4-partial_chunk-2_chain-len-3_run-5","finished","-","dharakyu","","2022-06-02T20:03:14.000Z","2280","","32","3","[2,4,6,8,10,12]","true","true","64","100","4x4-partial_chunk-2_chain-len-3","100","100","0.00001","4","4x4-partial_chunk-2_chain-len-3_run-5","100","","4","1","","4","true","/home/dharakyu/signaling-bandits/outputs","true","true","80","true","signaling-bandits","99","","0.5428125","0.5859375","0.6053125","","","","-0.7156586962938308","-0.8608508357405662","-0.9168580919504166","","","","","0.4742925508049649","0.5731463143325737","0.6110184807875734","","","","0.55375","0.588125","0.610625","","","","-0.7634954492747784","-0.8741734793782234","-0.9186422604322434","","","","","0.5059370343685562","0.5806990383347804","0.6102783059903514","",""
"4x4-partial_chunk-10_chain-len-2_run-1","finished","-","dharakyu","","2022-06-02T19:46:50.000Z","1705","","32","2","[10,15]","true","true","64","100","4x4-partial_chunk-10_chain-len-2","100","100","0.00001","4","4x4-partial_chunk-10_chain-len-2_run-1","100","","4","1","","4","true","/home/dharakyu/signaling-bandits/outputs","false","false","80","true","signaling-bandits","99","","0.7371875","0.7175","","","","","-1.2387487339973449","-1.1683027285337448","","","","","","0.8330224539081444","0.7867826747752833","","","","","0.730625","0.7096875","","","","","-1.1844238650798795","-1.1149058508872989","","","","","","0.8247870325525383","0.7741043538259739","","",""
"4x4-partial_chunk-2_chain-len-3_run-4","finished","-","dharakyu","","2022-06-02T19:24:38.000Z","2307","","32","3","[2,4,6,8,10,12]","true","true","64","100","4x4-partial_chunk-2_chain-len-3","100","100","0.00001","4","4x4-partial_chunk-2_chain-len-3_run-4","100","","4","1","","4","true","/home/dharakyu/signaling-bandits/outputs","true","true","80","true","signaling-bandits","99","","0.55875","0.5909375","0.606875","","","","-0.7140365289151669","-0.8387717509269714","-0.8749633577466011","","","","","0.4773921289096042","0.5665920184053588","0.5911149130170192","","","","0.54875","0.5975","0.6053125","","","","-0.7220881372690201","-0.8697382520139217","-0.9041544103622436","","","","","0.47769890758609074","0.577097017783015","0.6004538232052627","",""
"4x4-full_chain-len-2_run-5","finished","-","dharakyu","","2022-06-02T19:20:00.000Z","1601","","32","2","","true","true","64","100","4x4-full_chain-len-2","100","100","0.00001","4","4x4-full_chain-len-2_run-5","100","","4","1","","4","false","/home/dharakyu/signaling-bandits/outputs","true","true","80","true","signaling-bandits","99","","0.8084375","0.8059375","","","","","-1.3285016399621965","-1.3271250915527344","","","","","","0.9019550105018396","0.9009202102878854","","","","","0.8178125","0.8171875","","","","","-1.341027295589447","-1.340731930136681","","","","","","0.909397624468656","0.9093817578536368","","",""
"4x4-full_chain-len-2_run-4","finished","-","dharakyu","","2022-06-02T18:52:31.000Z","1640","","32","2","","true","true","64","100","4x4-full_chain-len-2","100","100","0.00001","4","4x4-full_chain-len-2_run-4","100","","4","1","","4","false","/home/dharakyu/signaling-bandits/outputs","true","true","80","true","signaling-bandits","99","","0.7865625","0.786875","","","","","-1.3045205408334732","-1.306019774079323","","","","","","0.8807356288273738","0.881446893802586","","","","","0.791875","0.7934375","","","","","-1.3248248100280762","-1.3257228493690492","","","","","","0.8886817967585261","0.8898666602856017","","",""
"4x4-partial_chunk-2_chain-len-3_run-3","finished","-","dharakyu","","2022-06-02T18:46:20.000Z","2288","","32","3","[2,4,6,8,10,12]","true","true","64","100","4x4-partial_chunk-2_chain-len-3","100","100","0.00001","4","4x4-partial_chunk-2_chain-len-3_run-3","100","","4","1","","4","true","/home/dharakyu/signaling-bandits/outputs","true","true","80","true","signaling-bandits","99","","0.553125","0.5896875","0.611875","","","","-0.7642992812395096","-0.8784438806772232","-0.9423906564712524","","","","","0.5054382694376142","0.5812475034174036","0.6226413215603918","","","","0.5446875","0.5875","0.595625","","","","-0.7378076386451721","-0.8584793439507484","-0.8945668135583401","","","","","0.4879095105857416","0.5689397060928294","0.5900871548020757","",""
"4x4-full_chain-len-2_run-3","finished","-","dharakyu","","2022-06-02T18:25:36.000Z","1605","","32","2","","true","true","64","100","4x4-full_chain-len-2","100","100","0.00001","4","4x4-full_chain-len-2_run-3","100","","4","1","","4","false","/home/dharakyu/signaling-bandits/outputs","true","true","80","true","signaling-bandits","99","","0.76875","0.7696875","","","","","-1.2995474135875702","-1.3005944883823397","","","","","","0.8765014670480707","0.8775534484188616","","","","","0.7728125","0.7715625","","","","","-1.2957125133275986","-1.294487681388855","","","","","","0.8645142408137855","0.8639281913214788","","",""
"4x4-partial_chunk-2_chain-len-3_run-2","finished","-","dharakyu","","2022-06-02T18:08:09.000Z","2282","","32","3","[2,4,6,8,10,12]","true","true","64","100","4x4-partial_chunk-2_chain-len-3","100","100","0.00001","4","4x4-partial_chunk-2_chain-len-3_run-2","100","","4","1","","4","true","/home/dharakyu/signaling-bandits/outputs","true","true","80","true","signaling-bandits","99","","0.565625","0.6","0.59375","","","","-0.7574308666586876","-0.8431064213812351","-0.8364735990762711","","","","","0.50876271618171","0.5677272045308828","0.5609318098020973","","","","0.5446875","0.5984375","0.584375","","","","-0.7180593946576118","-0.8414491872489452","-0.8250416879355907","","","","","0.48801972311791214","0.5725116969948597","0.5589704762221156","",""
"4x4-full_chain-len-2_run-2","finished","-","dharakyu","","2022-06-02T17:59:13.000Z","1574","","32","2","","true","true","64","100","4x4-full_chain-len-2","100","100","0.00001","4","4x4-full_chain-len-2_run-2","100","","4","1","","4","false","/home/dharakyu/signaling-bandits/outputs","true","true","80","true","signaling-bandits","99","","0.7753125","0.7759375","","","","","-1.27195976883173","-1.271338298022747","","","","","","0.8700139497972875","0.8696565463206609","","","","","0.770625","0.7703125","","","","","-1.2936763179302215","-1.2933111649751663","","","","","","0.8681304824770355","0.8681055323283193","","",""
"4x4-full_chain-len-2_run-1","finished","-","dharakyu","","2022-06-02T17:32:52.000Z","1572","","32","2","","true","true","64","100","4x4-full_chain-len-2","100","100","0.00001","4","4x4-full_chain-len-2_run-1","100","","4","1","","4","false","/home/dharakyu/signaling-bandits/outputs","true","true","80","true","signaling-bandits","99","","0.821875","0.8215625","","","","","-1.3581140410900117","-1.3569173282384872","","","","","","0.9184369804461926","0.9176791667615654","","","","","0.8215625","0.8209375","","","","","-1.3504246699810027","-1.3492594701051712","","","","","","0.9203095881806774","0.919649764807881","","",""
"4x4-partial_chunk-2_chain-len-3_run-1","finished","-","dharakyu","","2022-06-02T17:30:27.000Z","2252","","32","3","[2,4,6,8,10,12]","true","true","64","100","4x4-partial_chunk-2_chain-len-3","100","100","0.00001","4","4x4-partial_chunk-2_chain-len-3_run-1","100","","4","1","","4","true","/home/dharakyu/signaling-bandits/outputs","true","true","80","true","signaling-bandits","99","","0.5484375","0.6109375","0.6225","","","","-0.703226583302021","-0.8827161677181721","-0.9176256111264228","","","","","0.48210300512262494","0.6065947370094994","0.6329602241757101","","","","0.5559375","0.618125","0.626875","","","","-0.7076898565888405","-0.9015898939967156","-0.9324421456456184","","","","","0.4785509742362308","0.6153624314046975","0.6362560583859597","",""
"4x4-partial_chunk-2_chain-len-2_run-3","finished","-","dharakyu","","2022-06-02T07:36:08.000Z","1420","","32","2","[2,4,6,8,10,12]","true","true","64","100","4x4-partial_chunk-2_chain-len-2","100","100","0.00001","4","4x4-partial_chunk-2_chain-len-2_run-3","100","","4","1","","4","true","/home/dharakyu/signaling-bandits/outputs","true","true","80","true","signaling-bandits","99","","0.5578125","0.6034375","","","","","-0.7054186970740557","-0.8682071372866631","","","","","","0.4699487143419861","0.5845230674802111","","","","","0.5425","0.5921875","","","","","-0.7010708437114954","-0.8432710302621126","","","","","","0.4764799581646263","0.5753050166082204","","",""
"4x4-partial_chunk-2_chain-len-2_run-2","finished","-","dharakyu","","2022-06-02T07:12:05.000Z","1434","","32","2","[2,4,6,8,10,12]","true","true","64","100","4x4-partial_chunk-2_chain-len-2","100","100","0.00001","4","4x4-partial_chunk-2_chain-len-2_run-2","100","","4","1","","4","true","/home/dharakyu/signaling-bandits/outputs","true","true","80","true","signaling-bandits","99","","0.5465625","0.5890625","","","","","-0.7052280020713806","-0.8523925961554051","","","","","","0.4668155645209447","0.5662191443827296","","","","","0.5425","0.5828125","","","","","-0.712757835239172","-0.8673698271811009","","","","","","0.4786529679796467","0.5785881841503887","","",""
"4x4-partial_chunk-2_chain-len-2_run-1","finished","-","dharakyu","","2022-06-02T06:48:06.000Z","1429","","32","2","[2,4,6,8,10,12]","true","true","64","100","4x4-partial_chunk-2_chain-len-2","100","100","0.00001","4","4x4-partial_chunk-2_chain-len-2_run-1","100","","4","1","","4","true","/home/dharakyu/signaling-bandits/outputs","true","true","80","true","signaling-bandits","99","","0.5534375","0.585625","","","","","-0.7380345396697521","-0.8344750246405601","","","","","","0.4910743463921512","0.5577189913357817","","","","","0.541875","0.591875","","","","","-0.7415900880843401","-0.8873851727694273","","","","","","0.48844852218891954","0.5841195005023192","","",""
"4x4partial_chunk-size-2_discrete-comm_max-len-6_vocab-size-80_chain-len-5","finished","-","dharakyu","","2022-06-02T04:11:59.000Z","2813","","32","5","[2,4,6,8,10,12]","true","true","64","100","","100","100","0.00001","6","4x4partial_chunk-size-2_discrete-comm_max-len-6_vocab-size-80_chain-len-5","100","","4","1","","4","true","/home/dharakyu/signaling-bandits/outputs","false","true","80","true","signaling-bandits","99","","0.5440625","0.61","0.6203125","0.6315625","0.633125","","-0.74100536942482","-0.922469853758812","-0.9733652690052986","-0.9986439710855484","-0.9978090646862984","","","0.4892139174363623","0.614700563451713","0.6519419266252685","0.6660570342909973","0.6665971313312657","","0.5509375","0.5971875","0.6165625","0.606875","0.626875","","-0.7683964169025421","-0.9073127835989","-0.979740070104599","-0.9693820422887802","-1.0195943203568458","","","0.5048695160777262","0.5952163805230819","0.644914319499168","0.6363285668434988","0.6665436752130641"
"4x4partial_chunk-size-2_cont-comm_max-len-4_vocab-size-80_chain-len-5","finished","-","dharakyu","","2022-06-02T02:10:42.000Z","3015","","32","5","[2,4,6,8,10,12]","true","true","64","100","","100","100","0.00001","4","4x4partial_chunk-size-2_cont-comm_max-len-4_vocab-size-80_chain-len-5","100","","4","1","","4","true","/home/dharakyu/signaling-bandits/outputs","false","true","80","true","signaling-bandits","99","","0.555625","0.6096875","0.6384375","0.645625","0.6609375","","-0.729204198345542","-0.8933892725408077","-0.9692925897240638","-0.9875481796264648","-1.0376916551589963","","","0.488081375458451","0.5989921686378441","0.6511141104400008","0.6655475022111182","0.703543416198198","","0.5475","0.6053125","0.6265625","0.64375","0.6490625","","-0.7389088093489409","-0.9033088624477388","-0.9911394947767258","-1.0177456107735634","-1.0305367121100426","","","0.4911192008187223","0.6028864372150983","0.6658814583621562","0.6856932385798861","0.6941234002837586"
"4x4partial_chunk-size-2_cont-comm_max-len-4_vocab-size-40_chain-len-5","finished","-","dharakyu","","2022-06-02T02:09:51.000Z","2950","","32","5","[2,4,6,8,10,12]","true","true","64","100","","100","100","0.00001","4","4x4partial_chunk-size-2_cont-comm_max-len-4_vocab-size-40_chain-len-5","100","","4","1","","4","true","/home/dharakyu/signaling-bandits/outputs","false","true","40","true","signaling-bandits","99","","0.565625","0.59125","0.6053125","0.5946875","0.60375","","-0.7826754233241081","-0.8978331133723259","-0.9312842965126038","-0.9239754754304886","-0.9328254923224448","","","0.5197786327961972","0.5943168785382967","0.6191409270277334","0.6138546481144395","0.6176737627377432","","0.5696875","0.590625","0.6071875","0.6075","0.5975","","-0.7640849144756794","-0.8653310433030128","-0.9208143222332","-0.9132155281305312","-0.9308756396174432","","","0.5051060472338517","0.5767622723560971","0.6139323584895707","0.6099716035654471","0.6192127900793299"
"4x4partial_chunk-size-2_discrete-comm_max-len-4_vocab-size-24_chain-len-5","finished","-","dharakyu","","2022-06-01T23:18:18.000Z","2215","","32","5","[2,4,6,8,10,12]","true","true","64","80","","100","100","0.00001","4","4x4partial_chunk-size-2_discrete-comm_max-len-4_vocab-size-24_chain-len-5","100","","4","1","","4","true","/home/dharakyu/signaling-bandits/outputs","false","true","24","true","signaling-bandits","79","","0.554375","0.584375","0.60625","0.61125","0.6171875","","-0.7547832685709","-0.8448089525103569","-0.9269801518321036","-0.9130252441763878","-0.924601359590888","","","0.49997334085442147","0.5612587516250889","0.6147606344141522","0.6056275361609592","0.6124792226550343","","0.548125","0.5915625","0.6","0.616875","0.6128125","","-0.7287922620773315","-0.8762702305614948","-0.926522791683674","-0.9454724758863448","-0.9335517942905426","","","0.4829914440790616","0.5828106662272656","0.6204113403138912","0.6333483196243302","0.6235833755255773"
"4x4partial_chunk-size-2_cont-comm_max-len-4_vocab-size-10_chain-len-5","finished","-","dharakyu","","2022-06-01T23:08:09.000Z","866","","32","5","[2,4,6,8,10,12]","true","true","64","30","","100","100","0.00001","4","4x4partial_chunk-size-2_cont-comm_max-len-4_vocab-size-10_chain-len-5","100","","4","1","","4","true","/home/dharakyu/signaling-bandits/outputs","false","true","10","true","signaling-bandits","29","","0.5421875","0.5634375","0.5653125","0.5325","0.5546875","","-0.6915362571179867","-0.7745570669323206","-0.7886142909526825","-0.7338514678180218","-0.782795118689537","","","0.4647430111170217","0.5260915559855892","0.5334402394380686","0.4932797586967539","0.5223929795737118","","0.544375","0.5575","0.5615625","0.5628125","0.5696875","","-0.6985387825965881","-0.7681539162248373","-0.7764915491640568","-0.7755550397932529","-0.7882377611100674","","","0.47981323204768006","0.5202131371394303","0.5294614946864098","0.526691612795016","0.5391719818630744"
"4x4partial_chunk-size-2_discrete-comm_max-len-4_vocab-size-24_chain-len-5","finished","-","dharakyu","","2022-06-01T23:01:50.000Z","896","","32","5","[2,4,6,8,10,12]","true","true","64","30","","100","100","0.00001","4","4x4partial_chunk-size-2_discrete-comm_max-len-4_vocab-size-24_chain-len-5","100","","4","1","","4","true","/home/dharakyu/signaling-bandits/outputs","false","true","24","true","signaling-bandits","29","","0.5396875","0.5528125","0.5690625","0.5815625","0.5703125","","-0.7209028206765652","-0.7829665371030569","-0.8359621547162532","-0.8606603644788265","-0.8213399450480938","","","0.4811892946416888","0.5176522151978646","0.5563286921705425","0.5766084202124178","0.5500703881946859","","0.5296875","0.564375","0.580625","0.58375","0.58625","","-0.7246100293844938","-0.8175960940122604","-0.8658776788413525","-0.8693553358316422","-0.8709246769547463","","","0.4704484033279501","0.5386827436672571","0.5725701404504213","0.5716221395713715","0.5776281165846892"
"4x4partial_chunk-size-2_cont-comm_max-len-4_vocab-size-80_chain-len-5","finished","-","dharakyu","","2022-06-01T22:52:20.000Z","747","","32","5","[2,4,6,8,10,12]","true","true","64","30","","100","100","0.00001","4","4x4partial_chunk-size-2_cont-comm_max-len-4_vocab-size-80_chain-len-5","100","","4","1","","4","true","/home/dharakyu/signaling-bandits/outputs","false","true","80","true","signaling-bandits","29","","0.55375","0.58125","0.6078125","0.605","0.59125","","-0.7609470597654581","-0.8632810285687447","-0.9348563745617866","-0.9293425422906876","-0.9175756242871284","","","0.5051844958346221","0.5731776897935446","0.6216161525023471","0.6163367907911667","0.6072010935063721","","0.54875","0.5909375","0.60625","0.610625","0.6159375","","-0.7429416897147894","-0.8755600275099278","-0.9206876376271248","-0.9268354353308678","-0.9449144583940506","","","0.4899770401858329","0.5770504072681022","0.604278677579568","0.6078949703804047","0.6217911509577534"
"4x4partial_chunk-size-10_discrete-comm_max-len-4_vocab-size-40_chain-len-2","finished","-","dharakyu","","2022-06-01T22:42:04.000Z","351","","32","2","[10,12]","true","true","64","30","","100","100","0.00001","4","4x4partial_chunk-size-10_discrete-comm_max-len-4_vocab-size-40_chain-len-2","100","","4","1","","4","true","/home/dharakyu/signaling-bandits/outputs","true","true","40","true","signaling-bandits","29","","0.703125","0.621875","","","","","-1.1529592263698578","-0.9557440818846226","","","","","","0.7819121715577902","0.6452535037607963","","","","","0.6915625","0.6171875","","","","","-1.1558671563863754","-0.9727496674656868","","","","","","0.7732408524349661","0.6469172847567324","","",""
"4x4partial_chunk-size-2_cont-comm_max-len-4_vocab-size-40_chain-len-5","finished","-","dharakyu","","2022-06-01T22:31:05.000Z","703","","32","5","[2,4,6,8,10,12]","true","false","64","30","","100","100","0.00001","4","4x4partial_chunk-size-2_cont-comm_max-len-4_vocab-size-40_chain-len-5","100","","4","1","","4","true","/home/dharakyu/signaling-bandits/outputs","true","true","40","true","signaling-bandits","29","","0.539375","0.6125","0.651875","0.660625","0.665625","","-0.7412360110878944","-0.9420501723885536","-1.0352222055196765","-1.053265869319439","-1.0717585769295692","","","0.49438471919542265","0.6320892283318784","0.6963748441052314","0.7087428048419359","0.7192898357488613","","0.5284375","0.616875","0.655","0.6765625","0.6740625","","-0.6600868379324675","-0.9138683879375458","-1.0074432116746903","-1.0439200812578202","-1.0447724431753158","","","0.443785053942295","0.6227831115542074","0.6904388873009457","0.7139156605944332","0.7166630174096624"
"4x4partial_chunk-size-2_discrete-comm_max-len-4_vocab-size-40_chain-len-5","finished","-","dharakyu","","2022-06-01T22:26:52.000Z","826","","32","5","[2,4,6,8,10,12]","true","true","64","30","","100","100","0.00001","4","4x4partial_chunk-size-2_discrete-comm_max-len-4_vocab-size-40_chain-len-5","100","","4","1","","4","true","/home/dharakyu/signaling-bandits/outputs","true","true","40","true","signaling-bandits","29","","0.5534375","0.59375","0.5921875","0.6028125","0.60375","","-0.7414294706285","-0.8858159443736077","-0.8793914049863816","-0.9089524725079536","-0.916734308898449","","","0.5008879527627942","0.5953416443292318","0.5928862704516322","0.6104511551533301","0.6177618120231391","","0.560625","0.574375","0.589375","0.590625","0.6034375","","-0.7514551047980785","-0.8257264828681946","-0.8537158067524433","-0.8748003813624382","-0.8948827308416366","","","0.5044781906446052","0.5491511137714989","0.5726319335209802","0.5912578091083781","0.6057634238286965"
"4x4full_discrete-comm_max-len-4_vocab-size-40","finished","-","dharakyu","","2022-06-01T21:45:36.000Z","378","","32","2","","true","true","64","30","","100","100","0.00001","4","4x4full_discrete-comm_max-len-4_vocab-size-40","100","","4","1","","4","false","/home/dharakyu/signaling-bandits/outputs","true","true","40","true","signaling-bandits","29","","0.7675","0.7675","","","","","-1.2818061822652818","-1.2817845088243485","","","","","","0.8646078192647432","0.8650403155787324","","","","","0.75375","0.7546875","","","","","-1.274499279856682","-1.275050128698349","","","","","","0.8586412482313484","0.8596200301671998","","",""
"5x5partial_chunk-size-2_cont-comm","finished","-","dharakyu","","2022-05-31T07:12:58.000Z","2375","","32","5","[2,4,6,8,10,12]","true","false","64","50","","100","100","0.00001","","5x5partial_chunk-size-2_cont-comm","100","","5","1","","5","true","","","true","","true","signaling-bandits","49","","0.4990625","0.56","0.6115625","0.6134375","0.628125","","-0.5294381976127625","-0.7288338001817465","-0.8731587430834771","-0.8797149959206582","-0.9131920927762984","","","0.3934436696634619","0.5403689969216802","0.6535932328428963","0.6587555497901975","0.6838445254900007","","0.4825","0.57","0.6015625","0.6125","0.621875","","-0.4675597191601992","-0.71376061424613","-0.7947090485692024","-0.8408657136559486","-0.8661943237483501","","","0.35393818467464533","0.5444567887494968","0.6070591071489302","0.6423055300473219","0.6619209425271166"
"5x5partial_chunk-size-2_cont-comm","killed","-","dharakyu","","2022-05-31T06:55:28.000Z","989","","32","5","[2,4,6,8,10,12]","true","false","64","30","","100","100","0.00005","","5x5partial_chunk-size-2_cont-comm","100","","5","1","","5","true","","","true","","true","signaling-bandits","15","","0.4871875","0.5025","0.3965625","0.35","0.3221875","","-0.4873502513766289","-0.5147061115503311","-0.18131101973354816","-0.03241847410798073","0.05478382855653763","","","0.3634366878837753","0.3835354389233979","0.11496792298030296","0.0032571941674295556","-0.06344801349641016","","0.4896875","0.4878125","0.386875","0.35625","0.3446875","","-0.4971204648911953","-0.45980011627078055","-0.14377097964286803","-0.03218750417232513","-0.00578125","","","0.3693409214133808","0.33659028552416326","0.0924825771662976","0.007936290534668381","-0.012878203490616802"
"5x5partial_chunk-size-2_cont-comm","killed","-","dharakyu","","2022-05-31T06:49:03.000Z","355","","32","5","[2,4,6,8,10,12]","true","false","64","30","","100","100","0.0001","","5x5partial_chunk-size-2_cont-comm","100","","5","1","","5","true","","","true","","true","signaling-bandits","10","","0.45375","0.395625","0.3146875","0.344375","0.3215625","","-0.4330061574280262","-0.189259784668684","0.02818469747900963","-0.00265625","-0.015","","","0.30298075038594957","0.1238398152566182","-0.039562282266701776","-0.017011072376550168","-0.0040669659785342385","","0.4371875","0.3715625","0.32125","0.3434375","0.321875","","-0.3554817037284374","-0.09795099005103113","0.025","-0.013125006705522538","0.02796875","","","0.2543493134272423","0.049893796352602125","-0.035761232065479875","-0.01279515773485664","-0.04595791182278577"
"5x5partial_chunk-size-2_cont-comm","finished","-","dharakyu","","2022-05-31T06:22:59.000Z","1439","","32","5","[2,4,6,8,10,12]","true","false","64","30","","100","100","0.00001","","5x5partial_chunk-size-2_cont-comm","100","","5","1","","5","true","","","true","","true","signaling-bandits","29","","0.4975","0.556875","0.580625","0.5978125","0.6040625","","-0.4872619652748108","-0.667054960988462","-0.7391221895813942","-0.7695427791774273","-0.7843952833116055","","","0.36584150820027994","0.5095309372630521","0.5659834675000057","0.5909741508093878","0.5983314105927691","","0.494375","0.554375","0.58875","0.591875","0.5978125","","-0.48932422645390033","-0.6921437080949545","-0.7854802015423775","-0.8136190804839134","-0.8198048388957977","","","0.3629886665055614","0.513842833100516","0.590551668374834","0.6104541167533972","0.6139984075499002"
"5x5partial_chunk-size-2_discrete-comm","finished","-","dharakyu","","2022-05-31T06:17:17.000Z","2018","","32","5","[2,4,6,8,10,12]","true","true","64","30","","100","100","0.00001","","5x5partial_chunk-size-2_discrete-comm","100","","5","1","","5","true","","","true","","true","signaling-bandits","29","","0.4859375","0.5190625","0.523125","0.5253125","0.5184375","","-0.5010810519382357","-0.5633608747273684","-0.5960214631259442","-0.6007833234407007","-0.591653170362115","","","0.380918424357812","0.4331433968181672","0.4516628428618219","0.4639979767813546","0.4527596404493818","","0.49375","0.525625","0.529375","0.5571875","0.5603125","","-0.48456334229558706","-0.5899809423089027","-0.6177507487684488","-0.6722480005025864","-0.6590168693289161","","","0.3616342111711235","0.4417704111744399","0.4582349198816213","0.4999641879567589","0.4881699361508033"
"5x5partial_discrete-comm","finished","-","dharakyu","","2022-05-31T05:08:35.000Z","1100","","32","2","","true","true","64","30","","100","100","0.00001","","5x5partial_discrete-comm","100","","5","1","","5","true","","","true","","true","signaling-bandits","29","","0.6665625","0.664375","","","","","-1.0120579260587692","-1.0068909257650376","","","","","","0.7507544737005756","0.7457349519046325","","","","","0.673125","0.6765625","","","","","-1.0051910522580148","-1.0139922839403153","","","","","","0.7477375623286401","0.757050772407077","","",""
"5x5_discrete-comm","finished","-","dharakyu","","2022-05-31T04:42:48.000Z","722","","32","2","","true","true","64","30","","100","100","0.00001","","5x5_discrete-comm","100","","5","1","","5","false","","","true","","true","signaling-bandits","29","","0.726875","0.726875","","","","","-1.14160198032856","-1.142289837002754","","","","","","0.8398638042059905","0.8397775513663732","","","","","0.7234375","0.7246875","","","","","-1.0677555134892465","-1.068196766674519","","","","","","0.8159886319286003","0.8161979035739096","","",""
"5x5partial_cont-comm","finished","-","dharakyu","","2022-05-31T04:09:15.000Z","1260","","32","5","","true","false","64","30","","100","100","0.00001","","5x5partial_cont-comm","100","","5","1","","5","true","","","true","","true","signaling-bandits","29","","0.59","0.6359375","0.663125","0.6696875","0.6565625","","-0.8052996012568474","-0.9094035863876344","-0.963854775428772","-0.982409963607788","-0.9751972091197968","","","0.6039384807611167","0.6835567014577957","0.7226372510026214","0.7368994275162317","0.7309976334699108","","0.59375","0.6503125","0.675","0.67625","0.6721875","","-0.8009141629934311","-0.9444413977861404","-0.9971294683218004","-0.993339067697525","-0.9883053511381148","","","0.5938127423363296","0.7021212367976764","0.7422044494429817","0.7395316839530008","0.7360975521931579"
"5x5_cont-comm","finished","-","dharakyu","","2022-05-31T03:59:30.000Z","531","","32","2","","true","false","64","30","","100","100","0.00001","","5x5_cont-comm","100","","5","1","","5","false","","","true","","true","signaling-bandits","29","","0.7153125","0.7153125","","","","","-1.098861318230629","-1.100296158194542","","","","","","0.8170169305842595","0.8181361911732006","","","","","0.7090625","0.6996875","","","","","-1.0738482889533043","-1.069557238817215","","","","","","0.8058052835566093","0.8010594022935223","","",""
"cont-comm_weight-tying_partial-views_chain-len-5","finished","-","dharakyu","","2022-05-29T06:01:09.000Z","872","","32","5","","true","false","64","30","","100","100","0.00001","","cont-comm_weight-tying_partial-views_chain-len-5","100","","","1","36","","true","","","true","","true","signaling-bandits","29","","0.328125","0.6571875","0.73875","0.7584375","0.7615625","","-0.009048328604549167","-1.1665738248825073","-1.409305557012558","-1.4666921716928485","-1.4668423026800157","","","-0.016265108362658997","0.6524482356734349","0.792415713300485","0.821390625812427","0.8228794708921057","","0.3503125","0.6578125","0.72375","0.7540625","0.745","","0.020672800894826652","-1.121260187625885","-1.3113305950164795","-1.38244382917881","-1.3680988091230393","","","-0.027237185360885232","0.6471418044471152","0.7588245900437641","0.8024301843270996","0.7922817857494947"
"cont-comm_weight-tying_partial-views_chain-len-5","finished","-","dharakyu","","2022-05-29T05:34:33.000Z","1076","","32","5","","true","false","64","30","","100","100","0.00001","","cont-comm_weight-tying_partial-views_chain-len-5","100","","","1","36","","true","","","true","","true","signaling-bandits","29","","0.3496875","0.6596875","0.7378125","0.758125","0.748125","","-0.01787294531241059","-1.1778202483057976","-1.417764483094215","-1.4642545795440671","-1.4330199772119523","","","-0.01932629881938271","0.6587656931213464","0.7930014309568708","0.8205118947353147","0.8029210475391211","","0.348125","0.6678125","0.7584375","0.7825","0.774375","","0.028956131152808665","-1.123935472369194","-1.3872239649295808","-1.4493167078495026","-1.4292254775762558","","","-0.04523536507682959","0.6399958143148589","0.7961811453914522","0.8312872496150098","0.8192200084509167"
"cont-comm_weight-tying_full-views_chain-len-3","finished","-","dharakyu","","2022-05-29T05:25:27.000Z","761","","32","3","","true","false","64","30","","100","100","0.00001","","cont-comm_weight-tying_full-views_chain-len-3","100","","","1","36","","false","","","true","","true","signaling-bandits","29","","0.3490625","0.805","0.7871875","","","","-0.027049236409366132","-1.5366198861598968","-1.5052620327472688","","","","","0.011693973344875732","0.8716011045672022","0.8526908967501367","","","","0.331875","0.8128125","0.788125","","","","-0.012239907570183277","-1.565064527988434","-1.528070541024208","","","","","-0.01823929591205564","0.8772901741230144","0.855598304906166","",""
"cont-comm_weight-tying_partial-views_chain-len-3","finished","-","dharakyu","","2022-05-29T05:21:03.000Z","621","","32","3","","true","false","64","30","","100","100","0.00001","","cont-comm_weight-tying_partial-views_chain-len-3","100","","","1","36","","true","","","true","","true","signaling-bandits","29","","0.3528125","0.7025","0.755","","","","-0.030875482968986033","-1.3015272307395935","-1.4589279466867446","","","","","-0.0007157922241475884","0.7306128420961799","0.8220125712479076","","","","0.3546875","0.7084375","0.7665625","","","","0.0025632864609360694","-1.302821786403656","-1.4662473064661026","","","","","-0.014334769239808936","0.7334393189998987","0.8257152235176051","",""
"chain-len-3_partial","killed","-","dharakyu","","2022-05-26T05:59:19.000Z","464","","32","3","","true","","64","30","","100","100","0.00001","","chain-len-3_partial","100","","","1","36","","true","","","","","true","signaling-bandits","11","","0.3584375","0.6325","0.5584375","","","","-0.00006589155644178391","-1.0188542836904526","-0.847368559986353","","","","","-0.0008634105330209949","0.6123753515799821","0.49240617805087133","","","","0.3578125","0.650625","0.5521875","","","","-0.03200154282152653","-1.1372216463088989","-0.9260518462955952","","","","","0.012543965087242672","0.6490535278501566","0.5028777682133508","",""
"chain-len-3_partial","finished","-","dharakyu","","2022-05-26T05:40:41.000Z","1059","","32","3","","true","","64","30","","100","100","0.00001","","chain-len-3_partial","100","","","1","36","","true","","","","","true","signaling-bandits","29","","0.336875","0.7028125","0.549375","","","","-0.003817768394947052","-1.2367291629314423","-0.842095545232296","","","","","-0.0075144078020050785","0.7057950345142048","0.4790577616211235","","","","0.324375","0.665","0.53125","","","","-0.014171396400779484","-1.2111280405521392","-0.8178764908015728","","","","","-0.0324093012628141","0.6820935877134845","0.4570711805985835","",""
"chain-len-3_partial","finished","-","dharakyu","","2022-05-26T05:22:26.000Z","1071","","32","3","","true","","64","30","","100","100","0.00001","","chain-len-3_partial","100","","","1","36","","true","","","","","true","signaling-bandits","29","","0.3359375","0.4921875","0.6484375","","","","-0.006764511279761791","-0.5838208361715078","-1.1371240043640136","","","","","-0.006461742151264938","0.3307755245997947","0.6470740414696905","","","","0.3503125","0.505625","0.6628125","","","","0.00002436272799968719","-0.6269148576632142","-1.1497651681303978","","","","","0.0019149312869873533","0.35519267484444317","0.6603531376190822","",""
"chain-len-3_partial","finished","-","dharakyu","","2022-05-26T05:02:39.000Z","1103","","32","3","","true","","64","30","","100","100","0.00001","","chain-len-3_partial","100","","","1","36","","true","","","","","true","signaling-bandits","29","","0.3440625","0.5484375","0.544375","","","","-0.012895976454019546","-0.8076154674589634","-0.84376649081707","","","","","0.0012581981622916945","0.45092364791551776","0.47149066328226874","","","","0.3478125","0.5434375","0.563125","","","","-0.01168623648583889","-0.8138462142646312","-0.8598063763976097","","","","","-0.0023332420601362117","0.4536725102483779","0.4800935726131218","",""
"chain-len-3","finished","-","dharakyu","","2022-05-26T04:37:37.000Z","1078","","32","3","","true","","64","30","","100","100","0.00001","","chain-len-3_partial","100","","","1","36","","false","","","","","true","signaling-bandits","29","","0.3478125","0.5925","0.7315625","","","","0.00849327078089118","-0.9844879323244096","-1.3438285583257674","","","","","0.0003606074856888865","0.5587401595167081","0.7675506805000994","","","","0.336875","0.5996875","0.73","","","","-0.024074421878904104","-1.0293924221396449","-1.3637344139814376","","","","","0.010360903862464762","0.5823539571196393","0.7732626221302906","",""
"chain-len-4","finished","-","dharakyu","","2022-05-26T04:02:16.000Z","1384","","32","4","","true","","64","30","","100","100","0.00001","","chain-len-4","100","","","1","36","","false","","","","","true","signaling-bandits","29","","","0.726875","0.7815625","0.788125","","","","-1.3482544511556624","-1.4987080723047257","-1.5039713937044143","","","","","0.7616488161356358","0.8506269843271639","0.855120817028706","","","","0.730625","0.7859375","0.7809375","","","","-1.348361803293228","-1.5026303857564929","-1.4932948172092435","","","","","0.7651709285394972","0.8526775524720096","0.8470970726152341",""
"partial-reward-matrix_chain-len-3_3-objs-per-agent","finished","-","dharakyu","","2022-05-24T22:21:32.000Z","458","","32","3","","true","","64","30","","100","100","0.00001","","partial-reward-matrix_chain-len-3_3-objs-per-agent","100","","","1","36","","","","","","","true","signaling-bandits","29","","","0.6790625","0.5996875","","","","","-1.2069253778457645","-1.0042246624827385","","","","","","0.6839255284405913","0.5684561095905121","","","","","0.6665625","0.61375","","","","","-1.1769660323858262","-1.0149851107597352","","","","","","0.6744479760400224","0.5781647035369835","",""
"partial-reward-matrix_chain-len-3","finished","-","dharakyu","","2022-05-24T18:19:26.000Z","463","","32","3","","true","","64","30","","100","100","0.00001","","partial-reward-matrix_chain-len-3","100","","","1","36","","","","","","","true","signaling-bandits","29","","","0.7671875","0.713125","","","","","-1.4516474556922914","-1.3111712312698365","","","","","","0.8234517665445004","0.7360407806804182","","","","","0.7628125","0.7125","","","","","-1.430981197953224","-1.2819962066411972","","","","","","0.8210082993782709","0.7345915985912262","",""
"logging-test","killed","-","dharakyu","","2022-05-23T19:10:57.000Z","2245","","32","4","","false","","64","30","","100","100","0.00001","","logging-test","100","","","1","36","","","","","","","true","signaling-bandits","24","","","0.3403125","0.3621875","0.586875","","","","-0.01045859832316637","-0.012143655326217412","-0.9881650419533252","","","","","-0.004207292629331808","0.01669062718545112","0.5568503998792332","","","","0.32875","0.3534375","0.598125","","","","0.00301722165197134","0.0014296109974384309","-0.9975873816013336","","","","","-0.017120347806304812","-0.0018367161951007812","0.5719294068838376",""
"84-contexts","killed","-","dharakyu","","2022-05-23T03:41:37.000Z","1205","","32","2","","false","","64","30","","100","100","0.00001","","84-contexts","100","","","84","36","","","","","","","true","signaling-bandits","10","0.5716071417927742","","","","","","-1.0027686858177185","","","","","","0.8921130895614624","0.5717495744568961","","","","","","0.5725000017881393","","","","","","-1.0020760560035706","","","","","","0.9315476417541504","0.5719600367546082","","","","",""
"84-contexts","crashed","-","dharakyu","","2022-05-23T02:58:48.000Z","2070","","32","2","","false","","64","30","","100","100","0.00001","","84-contexts","100","","","84","36","","","","","","","true","signaling-bandits","19","0.725453873872757","","","","","","-1.3682377755641937","","","","","","1.0372023582458496","0.7824255916050502","","","","","","0.7203385406732559","","","","","","-1.361686726808548","","","","","","0.9620535969734192","0.7770833356039865","","","","",""
"run-3","finished","-","dharakyu","","2022-05-19T23:21:46.000Z","971","","32","5","","false","","64","30","chain-length-5","100","100","0.00001","","run-3","100","","","","36","","","","","","","true","signaling-bandits","29","0.77125","","","","","","-47.25674942016602","","","","","","1.21875","0.8574868258694834","","","","","","0.77125","","","","","","-47.7483998298645","","","","","","0.96875","0.8501386658216368","","","","",""
"run-2","finished","-","dharakyu","","2022-05-19T23:06:10.000Z","932","","32","5","","false","","64","30","chain-length-5","100","100","0.00001","","run-2","100","","","","36","","","","","","","true","signaling-bandits","29","0.718125","","","","","","-42.42221502304077","","","","","","1.03125","0.7473384727389017","","","","","","0.7184375","","","","","","-43.03222385406494","","","","","","1.03125","0.7529459103853438","","","","",""
"run-1","finished","-","dharakyu","","2022-05-19T22:50:22.000Z","944","","32","5","","false","","64","30","chain-length-5","100","100","0.00001","","run-1","100","","","","36","","","","","","","true","signaling-bandits","29","0.7003125","","","","","","-41.831862411499024","","","","","","1.0625","0.7308407518460845","","","","","","0.680625","","","","","","-39.91999235153198","","","","","","0.96875","0.7106038990153176","","","","",""
"run-3","finished","-","dharakyu","","2022-05-19T22:37:01.000Z","798","","32","4","","false","","64","30","chain-length-4","100","100","0.00001","","run-3","100","","","","36","","","","","","","true","signaling-bandits","29","0.5871875","","","","","","-32.21657344818115","","","","","","1.21875","0.5688152225696474","","","","","","0.5740625","","","","","","-29.868972864151","","","","","","0.90625","0.5335675561781695","","","","",""
"run-2","finished","-","dharakyu","","2022-05-19T22:23:15.000Z","822","","32","4","","false","","64","30","chain-length-4","100","100","0.00001","","run-2","100","","","","36","","","","","","","true","signaling-bandits","29","0.7121875","","","","","","-41.97767519950867","","","","","","0.8125","0.7418164069677993","","","","","","0.704375","","","","","","-41.81883060455322","","","","","","0.8125","0.7384562897554215","","","","",""
"run-1","finished","-","dharakyu","","2022-05-19T22:09:10.000Z","842","","32","4","","false","","64","30","chain-length-4","100","100","0.00001","","run-1","100","","","","36","","","","","","","true","signaling-bandits","29","0.7171875","","","","","","-43.181608810424805","","","","","","1","0.7623610928538245","","","","","","0.7309375","","","","","","-42.976374530792235","","","","","","1.15625","0.7761173080746805","","","","",""
"run-3","finished","-","dharakyu","","2022-05-19T17:29:19.000Z","441","","32","3","","false","","64","30","chain-length-3","100","100","0.00001","","run-3","100","","","","36","","","","","","","true","signaling-bandits","29","0.636875","","","","","","-35.02865642547607","","","","","","1.125","0.626869883740409","","","","","","0.6246875","","","","","","-34.50963675498962","","","","","","0.8125","0.6156238555771375","","","","",""
"run-2","finished","-","dharakyu","","2022-05-19T17:21:49.000Z","447","","32","3","","false","","64","30","chain-length-3","100","100","0.00001","","run-2","100","","","","36","","","","","","","true","signaling-bandits","29","0.7446875","","","","","","-46.41807674407959","","","","","","0.9375","0.8108957965398784","","","","","","0.7521875","","","","","","-46.502264194488525","","","","","","0.9375","0.8244687341872339","","","","",""
"run-1","finished","-","dharakyu","","2022-05-19T17:14:13.000Z","453","","32","3","","false","","64","30","chain-length-3","100","100","0.00001","","run-1","100","","","","36","","","","","","","true","signaling-bandits","29","0.7725","","","","","","-47.892563037872314","","","","","","1","0.8540530149873107","","","","","","0.7796875","","","","","","-48.193603134155275","","","","","","1","0.8600652688244687","","","","",""
"run-3","finished","-","dharakyu","","2022-05-19T08:18:40.000Z","561","","32","2","","false","","64","30","chain-length-2","100","100","0.00001","","run-3","100","","","","36","","","","","","","true","signaling-bandits","29","0.64375","","","","","","-37.83854965209961","","","","","","0.9375","0.6784529693899198","","","","","","0.65875","","","","","","-38.73847452163696","","","","","","0.8125","0.6858842249926169","","","","",""
"run-2","finished","-","dharakyu","","2022-05-19T08:09:11.000Z","566","","32","2","","false","","64","30","chain-length-2","100","100","0.00001","","run-2","100","","","","36","","","","","","","true","signaling-bandits","29","0.57375","","","","","","-32.82514370918274","","","","","","0.75","0.574012757870814","","","","","","0.559375","","","","","","-31.577542209625243","","","","","","0.90625","0.5606606384152324","","","","",""
"run-1","finished","-","dharakyu","","2022-05-19T07:59:59.000Z","548","","32","2","","false","","64","30","chain-length-2","100","100","0.00001","","run-1","100","","","","36","","","","","","","true","signaling-bandits","29","0.6159375","","","","","","-33.75526942253113","","","","","","1.28125","0.5966630383032332","","","","","","0.63125","","","","","","-34.400749654769896","","","","","","1.21875","0.6158575441691525","","","","",""
"chain-length-3","finished","-","dharakyu","","2022-05-19T06:53:02.000Z","688","","32","3","","false","","64","30","depth","100","100","0.00001","","chain-length-3","100","","","","36","","","","","","","true","signaling-bandits","29","0.76","","","","","","-46.068359508514405","","","","","","1.375","0.8145671939464677","","","","","","0.7471875","","","","","","-45.63726516723633","","","","","","1.1875","0.8104458670193883","","","","",""
"chain-length-5","finished","-","dharakyu","","2022-05-19T06:34:45.000Z","928","","32","5","","false","","64","30","depth","100","100","0.00001","","chain-length-5","100","","","","36","","","","","","","true","signaling-bandits","29","0.754375","","","","","","-45.37297082901001","","","","","","1","0.8102612917676865","","","","","","0.7609375","","","","","","-45.361672439575194","","","","","","1.21875","0.8233691282458296","","","","",""
"chain-length-4","finished","-","dharakyu","","2022-05-19T06:21:32.000Z","790","","32","4","","false","","64","30","depth","100","100","0.00001","","chain-length-4","100","","","","36","","","","","","","true","signaling-bandits","29","0.7521875","","","","","","-46.54886236190796","","","","","","1.34375","0.816910120172214","","","","","","0.7415625","","","","","","-45.06665702819824","","","","","","0.9375","0.8055281062266629","","","","",""
"chain-length-3","finished","-","dharakyu","","2022-05-19T06:09:53.000Z","694","","32","3","","false","","64","30","depth","100","100","0.00001","","chain-length-3","100","","","","36","","","","","","","true","signaling-bandits","29","0.564375","","","","","","-31.36005210876465","","","","","","1.09375","0.557859926339505","","","","","","0.581875","","","","","","-31.770066723823547","","","","","","0.78125","0.5638451420277829","","","","",""
"chain-length-2","finished","-","dharakyu","","2022-05-19T06:00:56.000Z","533","","32","2","","false","","64","30","depth","100","100","0.00001","","chain-length-2","100","","","","36","","","","","","","true","signaling-bandits","29","0.6709375","","","","","","-39.042464351654054","","","","","","0.9375","0.6949788075520026","","","","","","0.6734375","","","","","","-40.57745038986206","","","","","","0.96875","0.7174678514819284","","","","",""
"3-agent-ratchet","finished","-","dharakyu","","2022-05-19T05:22:27.000Z","707","","32","","","false","","64","30","","100","100","0.00001","","3-agent-ratchet","100","","","","36","","","","","","","true","signaling-bandits","29","0.769375","","","","","","-47.28888210296631","","","","","","1.21875","0.853762309989775","","","","","","0.7828125","","","","","","-48.73705930709839","","","","","","1.1875","0.85734098561038","","","","",""
"run-3","crashed","-","dharakyu","","2022-05-15T07:10:09.000Z","241","","32","","","false","","128","40","discrete_128-embed_400-hidden","400","100","0.00001","","run-3","100","","","","36","","","","","","","true","signaling-bandits","29","0.7153125","","","","","","-42.28075595855713","","","","","","1","0.7658921687736645","","","","","","0.7246875","","","","","","-44.0400019454956","","","","","","1.125","0.7749483404219707","","","","",""
"run-2","finished","-","dharakyu","","2022-05-15T07:04:48.000Z","318","","32","","","false","","128","40","discrete_128-embed_400-hidden","400","100","0.00001","","run-2","100","","","","36","","","","","","","true","signaling-bandits","39","0.618125","","","","","","-35.93","","","","","","0.84375","0.6322680160453895","","","","","","0.624375","","","","","","-35.01","","","","","","0.78125","0.6183249095301093","","","","",""
"run-1","finished","-","dharakyu","","2022-05-15T06:59:33.000Z","312","","32","","","false","","128","40","discrete_128-embed_400-hidden","400","100","0.00001","","run-1","100","","","","36","","","","","","","true","signaling-bandits","39","0.7365625","","","","","","-45.88022354125977","","","","","","1.09375","0.8160178589817184","","","","","","0.73125","","","","","","-45.66996601104736","","","","","","0.875","0.8147251039384178","","","","",""
"run-5","finished","-","dharakyu","","2022-05-15T06:54:49.000Z","280","","32","","","false","","128","40","discrete_128-embed_300-hidden","300","100","0.00001","","run-5","100","","","","36","","","","","","","true","signaling-bandits","39","0.643125","","","","","","-37.74003952026367","","","","","","0.78125","0.6698487508908003","","","","","","0.6471875","","","","","","-38.37993305206299","","","","","","0.90625","0.6709451930971863","","","","",""
"run-4","finished","-","dharakyu","","2022-05-15T06:50:05.000Z","280","","32","","","false","","128","40","discrete_128-embed_300-hidden","300","100","0.00001","","run-4","100","","","","36","","","","","","","true","signaling-bandits","39","0.58125","","","","","","-31.879987325668335","","","","","","0.84375","0.568064720171792","","","","","","0.549375","","","","","","-28.81","","","","","","1.0625","0.5244574336007037","","","","",""
"run-3","finished","-","dharakyu","","2022-05-15T06:45:28.000Z","274","","32","","","false","","128","40","discrete_128-embed_300-hidden","300","100","0.00001","","run-3","100","","","","36","","","","","","","true","signaling-bandits","39","0.69125","","","","","","-42.49940046310425","","","","","","0.78125","0.7529455581233176","","","","","","0.7028125","","","","","","-42.38996395111084","","","","","","0.875","0.7640524168599925","","","","",""
"run-2","finished","-","dharakyu","","2022-05-15T06:40:50.000Z","275","","32","","","false","","128","40","discrete_128-embed_300-hidden","300","100","0.00001","","run-2","100","","","","36","","","","","","","true","signaling-bandits","39","0.738125","","","","","","-44.97999666213989","","","","","","0.875","0.7949945553161093","","","","","","0.733125","","","","","","-44.08999465942383","","","","","","1.09375","0.7878909965635631","","","","",""
"run-1","finished","-","dharakyu","","2022-05-15T06:36:11.000Z","276","","32","","","false","","128","40","discrete_128-embed_300-hidden","300","100","0.00001","","run-1","100","","","","36","","","","","","","true","signaling-bandits","39","0.74875","","","","","","-45.70260343551636","","","","","","1.21875","0.8054120682106503","","","","","","0.7728125","","","","","","-46.376281337738035","","","","","","1.125","0.8290079593960074","","","","",""
"run-5","finished","-","dharakyu","","2022-05-15T06:31:55.000Z","253","","32","","","false","","128","40","discrete_128-embed_200-hidden","200","100","0.00001","","run-5","100","","","","36","","","","","","","true","signaling-bandits","39","0.7378125","","","","","","-44.75234819412231","","","","","","0.96875","0.8062965325222317","","","","","","0.74375","","","","","","-45.83999431610108","","","","","","0.78125","0.8074481120628669","","","","",""
"run-4","finished","-","dharakyu","","2022-05-15T06:27:40.000Z","252","","32","","","false","","128","40","discrete_128-embed_200-hidden","200","100","0.00001","","run-4","100","","","","36","","","","","","","true","signaling-bandits","39","0.759375","","","","","","-46.99276542663574","","","","","","1.03125","0.8462453841641736","","","","","","0.7690625","","","","","","-48.0019800567627","","","","","","0.875","0.8551635947427232","","","","",""
"run-3","finished","-","dharakyu","","2022-05-15T06:23:24.000Z","252","","32","","","false","","128","40","discrete_128-embed_200-hidden","200","100","0.00001","","run-3","100","","","","36","","","","","","","true","signaling-bandits","39","0.5621875","","","","","","-32.05","","","","","","1.03125","0.5649486418088907","","","","","","0.578125","","","","","","-31.69","","","","","","0.8125","0.5662969377892051","","","","",""
"run-2","finished","-","dharakyu","","2022-05-15T06:19:11.000Z","250","","32","","","false","","128","40","discrete_128-embed_200-hidden","200","100","0.00001","","run-2","100","","","","36","","","","","","","true","signaling-bandits","39","0.58875","","","","","","-31.818841953277587","","","","","","1.15625","0.5684685807294645","","","","","","0.5828125","","","","","","-32.64729695320129","","","","","","0.78125","0.5725013811083982","","","","",""
"run-1","finished","-","dharakyu","","2022-05-15T06:14:55.000Z","253","","32","","","false","","128","40","discrete_128-embed_200-hidden","200","100","0.00001","","run-1","100","","","","36","","","","","","","true","signaling-bandits","39","0.5996875","","","","","","-34.27016313552856","","","","","","0.9375","0.6043901717230801","","","","","","0.619375","","","","","","-35.44646514892578","","","","","","1.15625","0.6255909358278737","","","","",""
"run-5","finished","-","dharakyu","","2022-05-15T06:09:26.000Z","326","","32","","","false","","64","40","discrete_64-embed_400-hidden","400","100","0.00001","","run-5","100","","","","36","","","","","","","true","signaling-bandits","39","0.594375","","","","","","-32","","","","","","1.09375","0.5708284852283565","","","","","","0.5953125","","","","","","-33.45","","","","","","1.375","0.5883235123051583","","","","",""
"run-4","finished","-","dharakyu","","2022-05-15T06:04:07.000Z","316","","32","","","false","","64","40","discrete_64-embed_400-hidden","400","100","0.00001","","run-4","100","","","","36","","","","","","","true","signaling-bandits","39","0.7503125","","","","","","-45.27","","","","","","1.21875","0.8082040676931311","","","","","","0.741875","","","","","","-45.18","","","","","","1.1875","0.8033474615385757","","","","",""
"run-3","finished","-","dharakyu","","2022-05-15T05:58:52.000Z","311","","32","","","false","","64","40","discrete_64-embed_400-hidden","400","100","0.00001","","run-3","100","","","","36","","","","","","","true","signaling-bandits","39","0.7409375","","","","","","-45.189448852539066","","","","","","1.125","0.7994778622222198","","","","","","0.760625","","","","","","-45.34990163803101","","","","","","1.03125","0.8108472582498806","","","","",""
"run-2","finished","-","dharakyu","","2022-05-15T05:53:19.000Z","329","","32","","","false","","64","40","discrete_64-embed_400-hidden","400","100","0.00001","","run-2","100","","","","36","","","","","","","true","signaling-bandits","39","0.755625","","","","","","-47.18702095031738","","","","","","0.96875","0.8465769797598501","","","","","","0.779375","","","","","","-46.90969001770019","","","","","","0.875","0.8607264444579582","","","","",""
"run-1","finished","-","dharakyu","","2022-05-15T05:47:55.000Z","320","","32","","","false","","64","40","discrete_64-embed_400-hidden","400","100","0.00001","","run-1","100","","","","36","","","","","","","true","signaling-bandits","39","0.76625","","","","","","-46.82760746002197","","","","","","0.84375","0.8395310422477286","","","","","","0.7571875","","","","","","-46.55998031616211","","","","","","1.15625","0.8406055317501154","","","","",""
"run-5","finished","-","dharakyu","","2022-05-15T05:43:20.000Z","271","","32","","","false","","64","40","discrete_64-embed_300-hidden","300","100","0.00001","","run-5","100","","","","36","","","","","","","true","signaling-bandits","39","0.608125","","","","","","-36.157586345672605","","","","","","0.96875","0.6416178677797227","","","","","","0.609375","","","","","","-35.98359100341797","","","","","","0.625","0.6444809365235097","","","","",""
"run-4","finished","-","dharakyu","","2022-05-15T05:38:45.000Z","272","","32","","","false","","64","40","discrete_64-embed_300-hidden","300","100","0.00001","","run-4","100","","","","36","","","","","","","true","signaling-bandits","39","0.675625","","","","","","-39.17999834060669","","","","","","0.875","0.7058355990070758","","","","","","0.68125","","","","","","-40.279999580383304","","","","","","1.21875","0.7102224867366893","","","","",""
"run-3","finished","-","dharakyu","","2022-05-15T05:34:00.000Z","282","","32","","","false","","64","40","discrete_64-embed_300-hidden","300","100","0.00001","","run-3","100","","","","36","","","","","","","true","signaling-bandits","39","0.680625","","","","","","-39.145985774993896","","","","","","1.09375","0.714180715272948","","","","","","0.6878125","","","","","","-39.54518091201782","","","","","","0.96875","0.7090495719630854","","","","",""
"run-2","finished","-","dharakyu","","2022-05-15T05:29:23.000Z","274","","32","","","false","","64","40","discrete_64-embed_300-hidden","300","100","0.00001","","run-2","100","","","","36","","","","","","","true","signaling-bandits","39","0.7125","","","","","","-43.043816242218014","","","","","","1","0.7509356057211543","","","","","","0.6940625","","","","","","-40.77015218734741","","","","","","0.875","0.7169861909900065","","","","",""
"run-1","finished","-","dharakyu","","2022-05-15T05:24:32.000Z","288","","32","","","false","","64","40","discrete_64-embed_300-hidden","300","100","0.00001","","run-1","100","","","","36","","","","","","","true","signaling-bandits","39","0.7434375","","","","","","-46.28083358764648","","","","","","0.875","0.8162804142289423","","","","","","0.7571875","","","","","","-47.01680885314941","","","","","","0.6875","0.8192210052482544","","","","",""
"run-5","finished","-","dharakyu","","2022-05-15T05:20:17.000Z","252","","32","","","false","","64","40","discrete_64-embed_200-hidden","200","100","0.00001","","run-5","100","","","","36","","","","","","","true","signaling-bandits","39","0.744375","","","","","","-45.469346351623535","","","","","","0.8125","0.8068542271051231","","","","","","0.744375","","","","","","-45.10419298171997","","","","","","0.84375","0.8083180636542401","","","","",""
"run-4","finished","-","dharakyu","","2022-05-15T05:15:58.000Z","255","","32","","","false","","64","40","discrete_64-embed_200-hidden","200","100","0.00001","","run-4","100","","","","36","","","","","","","true","signaling-bandits","39","0.7290625","","","","","","-42.669313621521","","","","","","1.0625","0.7686986737906089","","","","","","0.7246875","","","","","","-43.47212209701538","","","","","","1.15625","0.7694893595168614","","","","",""
"run-3","finished","-","dharakyu","","2022-05-15T05:11:42.000Z","253","","32","","","false","","64","40","discrete_64-embed_200-hidden","200","100","0.00001","","run-3","100","","","","36","","","","","","","true","signaling-bandits","39","0.584375","","","","","","-32.27","","","","","","0.96875","0.5718305969774998","","","","","","0.591875","","","","","","-31.98","","","","","","1.3125","0.5750080462000694","","","","",""
"run-2","finished","-","dharakyu","","2022-05-15T05:07:30.000Z","249","","32","","","false","","64","40","discrete_64-embed_200-hidden","200","100","0.00001","","run-2","100","","","","36","","","","","","","true","signaling-bandits","39","0.695","","","","","","-42.12012994766235","","","","","","0.8125","0.7555942173507025","","","","","","0.6990625","","","","","","-41.850044345855714","","","","","","0.75","0.7580148639144335","","","","",""
"run-1","finished","-","dharakyu","","2022-05-15T05:03:15.000Z","251","","32","","","false","","64","40","discrete_64-embed_200-hidden","200","100","0.00001","","run-1","100","","","","36","","","","","","","true","signaling-bandits","39","0.7628125","","","","","","-45.235589828491214","","","","","","0.71875","0.830057000501312","","","","","","0.7515625","","","","","","-46.305728855133054","","","","","","1.21875","0.8210023126386983","","","","",""
"run-5","finished","-","dharakyu","","2022-05-15T04:19:49.000Z","161","","32","","","false","","","30","discrete_36-reward-matrices_vocab-size-40","","100","0.00001","","run-5","100","","","","36","","","","","","","true","signaling-bandits","29","0.6734375","","","","","","-39.32097309112549","","","","","","1.15625","0.7096988877626326","","","","","","0.6603125","","","","","","-39.420644187927245","","","","","","1.25","0.7147441572822988","","","","",""
"run-4","finished","-","dharakyu","","2022-05-15T04:17:03.000Z","163","","32","","","false","","","30","discrete_36-reward-matrices_vocab-size-40","","100","0.00001","","run-4","100","","","","36","","","","","","","true","signaling-bandits","29","0.60625","","","","","","-35.00130549430847","","","","","","0.71875","0.6182765332224163","","","","","","0.623125","","","","","","-35.023174619674684","","","","","","1","0.6285637746718217","","","","",""
"run-3","finished","-","dharakyu","","2022-05-15T04:14:15.000Z","165","","32","","","false","","","30","discrete_36-reward-matrices_vocab-size-40","","100","0.00001","","run-3","100","","","","36","","","","","","","true","signaling-bandits","29","0.77","","","","","","-46.518316707611085","","","","","","0.8125","0.8270398075824201","","","","","","0.765","","","","","","-47.33046998977661","","","","","","0.8125","0.8261172676308872","","","","",""
"run-2","finished","-","dharakyu","","2022-05-15T04:11:21.000Z","171","","32","","","false","","","30","discrete_36-reward-matrices_vocab-size-40","","100","0.00001","","run-2","100","","","","36","","","","","","","true","signaling-bandits","29","0.77","","","","","","-47.57984832763672","","","","","","1.15625","0.8534634282202511","","","","","","0.76","","","","","","-47.31132610321045","","","","","","1.09375","0.8422436116363958","","","","",""
"run-1","finished","-","dharakyu","","2022-05-15T04:08:37.000Z","161","","32","","","false","","","30","discrete_36-reward-matrices_vocab-size-40","","100","0.00001","","run-1","100","","","","36","","","","","","","true","signaling-bandits","29","0.58875","","","","","","-33.975117740631106","","","","","","0.59375","0.6075880753858495","","","","","","0.584375","","","","","","-34.589298973083494","","","","","","0.6875","0.602528329552612","","","","",""
"run-5","finished","-","dharakyu","","2022-05-15T03:25:05.000Z","162","","32","","","false","","","30","discrete_36-reward-matrices","","100","0.00001","","run-5","100","","","","36","","","","","","","true","signaling-bandits","29","0.6671875","","","","","","-39.872179927825925","","","","","","1.25","0.7095178897967584","","","","","","0.6778125","","","","","","-39.44509819030762","","","","","","1","0.7161403058776513","","","","",""
"run-4","finished","-","dharakyu","","2022-05-15T03:22:16.000Z","166","","32","","","false","","","30","discrete_36-reward-matrices","","100","0.00001","","run-4","100","","","","36","","","","","","","true","signaling-bandits","29","0.6590625","","","","","","-37.57319665908813","","","","","","0.75","0.6673801859610086","","","","","","0.6409375","","","","","","-36.805272817611694","","","","","","0.6875","0.6497043555315574","","","","",""
"run-3","finished","-","dharakyu","","2022-05-15T03:19:26.000Z","167","","32","","","false","","","30","discrete_36-reward-matrices","","100","0.00001","","run-3","100","","","","36","","","","","","","true","signaling-bandits","29","0.7115625","","","","","","-41.867392444610594","","","","","","1.15625","0.7412906723744014","","","","","","0.7178125","","","","","","-40.78992748260498","","","","","","1.1875","0.736826741645497","","","","",""
"run-2","finished","-","dharakyu","","2022-05-15T03:16:38.000Z","164","","32","","","false","","","30","discrete_36-reward-matrices","","100","0.00001","","run-2","100","","","","36","","","","","","","true","signaling-bandits","29","0.7390625","","","","","","-43.96509788513183","","","","","","1.0625","0.7969562998431456","","","","","","0.7359375","","","","","","-45.08519853591919","","","","","","0.8125","0.7955721612703226","","","","",""
"run-1","finished","-","dharakyu","","2022-05-15T03:13:51.000Z","164","","32","","","false","","","30","discrete_36-reward-matrices","","100","0.00001","","run-1","100","","","","36","","","","","","","true","signaling-bandits","29","0.6171875","","","","","","-34.042419004440305","","","","","","1.0625","0.5991792892348261","","","","","","0.62875","","","","","","-33.80399417877197","","","","","","1.0625","0.6118103730418429","","","","",""
"run-5","finished","-","dharakyu","","2022-05-15T03:11:04.000Z","163","","32","","","false","","","30","discrete_24-reward-matrices","","100","0.00001","","run-5","100","","","","24","","","","","","","true","signaling-bandits","29","0.7403125","","","","","","-43.67021593093872","","","","","","1.375","0.7838618162980144","","","","","","0.74125","","","","","","-44.3622759437561","","","","","","1","0.7865035090332001","","","","",""
"run-4","finished","-","dharakyu","","2022-05-15T03:08:14.000Z","167","","32","","","false","","","30","discrete_24-reward-matrices","","100","0.00001","","run-4","100","","","","24","","","","","","","true","signaling-bandits","29","0.6196875","","","","","","-34.826064586639404","","","","","","1.09375","0.6097856443505454","","","","","","0.6115625","","","","","","-32.22005999565125","","","","","","1.0625","0.581101172738777","","","","",""
"run-3","finished","-","dharakyu","","2022-05-15T03:05:28.000Z","163","","32","","","false","","","30","discrete_24-reward-matrices","","100","0.00001","","run-3","100","","","","24","","","","","","","true","signaling-bandits","29","0.67375","","","","","","-37.36839609146118","","","","","","1.4375","0.6756989847099985","","","","","","0.654375","","","","","","-36.16801309585571","","","","","","1.4375","0.6559179316176603","","","","",""
"run-2","finished","-","dharakyu","","2022-05-15T03:02:45.000Z","160","","32","","","false","","","30","discrete_24-reward-matrices","","100","0.00001","","run-2","100","","","","24","","","","","","","true","signaling-bandits","29","0.6903125","","","","","","-39.40533519744873","","","","","","1.125","0.7069728111798145","","","","","","0.6728125","","","","","","-39.66941913604737","","","","","","0.875","0.702441506319407","","","","",""
"run-1","finished","-","dharakyu","","2022-05-15T03:00:04.000Z","157","","32","","","false","","","30","discrete_24-reward-matrices","","100","0.00001","","run-1","100","","","","24","","","","","","","true","signaling-bandits","29","0.6365625","","","","","","-35.3314847946167","","","","","","1.28125","0.6311791531638619","","","","","","0.633125","","","","","","-34.88175045013428","","","","","","1.34375","0.6212801376594915","","","","",""
"run-5","finished","-","dharakyu","","2022-05-15T02:57:21.000Z","159","","32","","","false","","","30","discrete_16-reward-matrices","","100","0.00001","","run-5","100","","","","16","","","","","","","true","signaling-bandits","29","0.6365625","","","","","","-36.889601192474366","","","","","","1.375","0.6497936099643281","","","","","","0.63125","","","","","","-36.01503662109375","","","","","","1","0.6463112526223866","","","","",""
"run-4","finished","-","dharakyu","","2022-05-15T02:54:38.000Z","160","","32","","","false","","","30","discrete_16-reward-matrices","","100","0.00001","","run-4","100","","","","16","","","","","","","true","signaling-bandits","29","0.625","","","","","","-33.614811716079714","","","","","","1.25","0.6034412358519098","","","","","","0.64125","","","","","","-35.54897881507873","","","","","","1.15625","0.6195096901488487","","","","",""
"run-3","finished","-","dharakyu","","2022-05-15T02:51:50.000Z","165","","32","","","false","","","30","discrete_16-reward-matrices","","100","0.00001","","run-3","100","","","","16","","","","","","","true","signaling-bandits","29","0.775","","","","","","-46.32329593658447","","","","","","1.125","0.8281772440385065","","","","","","0.7871875","","","","","","-46.29025318145752","","","","","","0.875","0.8291718332521534","","","","",""
"run-2","finished","-","dharakyu","","2022-05-15T02:48:59.000Z","167","","32","","","false","","","30","discrete_16-reward-matrices","","100","0.00001","","run-2","100","","","","16","","","","","","","true","signaling-bandits","29","0.62875","","","","","","-35.90332862854004","","","","","","0.625","0.643373178990422","","","","","","0.63375","","","","","","-35.91983463287354","","","","","","0.71875","0.646497512971174","","","","",""
"run-1","finished","-","dharakyu","","2022-05-15T02:46:16.000Z","159","","32","","","false","","","30","discrete_16-reward-matrices","","100","0.00001","","run-1","100","","","","16","","","","","","","true","signaling-bandits","29","0.794375","","","","","","-47.05055023193359","","","","","","1.21875","0.8516639594810737","","","","","","0.7975","","","","","","-47.47219148635864","","","","","","1.0625","0.8558322131965869","","","","",""
"run-5","finished","-","dharakyu","","2022-05-15T02:43:29.000Z","164","","32","","","false","","","30","discrete_8-reward-matrices","","100","0.00001","","run-5","100","","","","8","","","","","","","true","signaling-bandits","29","0.780625","","","","","","-46.74578664779663","","","","","","1.3125","0.8248985580445493","","","","","","0.78875","","","","","","-46.605541648864744","","","","","","0.90625","0.8316650158684432","","","","",""
"run-4","finished","-","dharakyu","","2022-05-15T02:40:46.000Z","160","","32","","","false","","","30","discrete_8-reward-matrices","","100","0.00001","","run-4","100","","","","8","","","","","","","true","signaling-bandits","29","0.7715625","","","","","","-45.52973731994629","","","","","","1.5","0.8080910134232343","","","","","","0.78375","","","","","","-46.05691635131836","","","","","","1","0.8236938310441849","","","","",""
"run-3","finished","-","dharakyu","","2022-05-15T02:37:55.000Z","168","","32","","","false","","","30","discrete_8-reward-matrices","","100","0.00001","","run-3","100","","","","8","","","","","","","true","signaling-bandits","29","0.709375","","","","","","-41.77310562133789","","","","","","1.125","0.7350412709874339","","","","","","0.7153125","","","","","","-41.16866647720337","","","","","","0.96875","0.7320469122475989","","","","",""
"run-2","finished","-","dharakyu","","2022-05-15T02:35:11.000Z","161","","32","","","false","","","30","discrete_8-reward-matrices","","100","0.00001","","run-2","100","","","","8","","","","","","","true","signaling-bandits","29","0.8103125","","","","","","-48.0494730758667","","","","","","1.03125","0.8735402690996916","","","","","","0.7971875","","","","","","-48.584925746917726","","","","","","1.15625","0.8735758888946111","","","","",""
"run-1","finished","-","dharakyu","","2022-05-15T02:32:24.000Z","163","","32","","","false","","","30","discrete_8-reward-matrices","","100","0.00001","","run-1","100","","","","8","","","","","","","true","signaling-bandits","29","0.859375","","","","","","-51.68710083007812","","","","","","1.03125","0.9294898549611632","","","","","","0.853125","","","","","","-52.19409740447998","","","","","","0.8125","0.92290450803269","","","","",""
"run-5","finished","-","dharakyu","","2022-05-15T02:29:38.000Z","163","","32","","","false","","","30","discrete_4-reward-matrices","","100","0.00001","","run-5","100","","","","4","","","","","","","true","signaling-bandits","29","0.57625","","","","","","-25.467980298995972","","","","","","0.71875","0.4549798950367438","","","","","","0.565625","","","","","","-25.932506842613225","","","","","","0.84375","0.4576100407278144","","","","",""
"run-4","finished","-","dharakyu","","2022-05-15T02:26:50.000Z","165","","32","","","false","","","30","discrete_4-reward-matrices","","100","0.00001","","run-4","100","","","","4","","","","","","","true","signaling-bandits","29","0.6378125","","","","","","-32.9434790802002","","","","","","0.59375","0.5851364027480187","","","","","","0.663125","","","","","","-34.97896842956543","","","","","","0.84375","0.6260831345331409","","","","",""
"run-3","finished","-","dharakyu","","2022-05-15T02:24:08.000Z","159","","32","","","false","","","30","discrete_4-reward-matrices","","100","0.00001","","run-3","100","","","","4","","","","","","","true","signaling-bandits","29","0.62","","","","","","-30.85299697875977","","","","","","0.9375","0.5504792895142635","","","","","","0.60125","","","","","","-29.599262914657594","","","","","","0.71875","0.5296249637898478","","","","",""
"run-2","finished","-","dharakyu","","2022-05-15T02:21:21.000Z","163","","32","","","false","","","30","discrete_4-reward-matrices","","100","0.00001","","run-2","100","","","","4","","","","","","","true","signaling-bandits","29","0.6003125","","","","","","-28.295601587295533","","","","","","0.78125","0.5139733615545526","","","","","","0.608125","","","","","","-28.93012888908386","","","","","","0.78125","0.5351546015851311","","","","",""
"run-1","finished","-","dharakyu","","2022-05-15T02:18:34.000Z","164","","32","","","false","","","30","discrete_4-reward-matrices","","100","0.00001","","run-1","100","","","","4","","","","","","","true","signaling-bandits","29","0.6225","","","","","","-30.576408367156983","","","","","","0.84375","0.5519889737050631","","","","","","0.62625","","","","","","-31.853042364120483","","","","","","0.78125","0.5635865570343196","","","","",""
"run-5","finished","-","dharakyu","","2022-05-15T02:15:45.000Z","166","","32","","","false","","","30","discrete_2-reward-matrices","","100","0.00001","","run-5","100","","","","2","","","","","","","true","signaling-bandits","29","0.95875","","","","","","-56.23976734161377","","","","","","1.03125","1","","","","","","0.9565625","","","","","","-56.2398136138916","","","","","","1.21875","1","","","","",""
"run-4","finished","-","dharakyu","","2022-05-15T02:12:56.000Z","166","","32","","","false","","","30","discrete_2-reward-matrices","","100","0.00001","","run-4","100","","","","2","","","","","","","true","signaling-bandits","29","0.9365625","","","","","","-55.58","","","","","","0.84375","1","","","","","","0.943125","","","","","","-55.72","","","","","","0.96875","1","","","","",""
"run-3","finished","-","dharakyu","","2022-05-15T02:10:06.000Z","167","","32","","","false","","","30","discrete_2-reward-matrices","","100","0.00001","","run-3","100","","","","2","","","","","","","true","signaling-bandits","29","0.95","","","","","","-55.3093062210083","","","","","","1.21875","1","","","","","","0.963125","","","","","","-57.189406127929686","","","","","","1.1875","1","","","","",""
"run-2","finished","-","dharakyu","","2022-05-15T02:07:23.000Z","160","","32","","","false","","","30","discrete_2-reward-matrices","","100","0.00001","","run-2","100","","","","2","","","","","","","true","signaling-bandits","29","0.95625","","","","","","-56.349691467285155","","","","","","0.9375","1","","","","","","0.958125","","","","","","-56.039668769836425","","","","","","0.90625","1","","","","",""
"run-1","finished","-","dharakyu","","2022-05-15T02:04:32.000Z","168","","32","","","false","","","30","discrete_2-reward-matrices","","100","0.00001","","run-1","100","","","","2","","","","","","","true","signaling-bandits","29","0.9440625","","","","","","-56.76876472473145","","","","","","1.28125","1","","","","","","0.936875","","","","","","-55.30887260437011","","","","","","1.1875","1","","","","",""
"run-2","crashed","-","dharakyu","","2022-05-14T23:19:58.000Z","818","","32","","","false","","","30","discrete_2-reward-matrices","","100","0.00001","","run-2","100","","","","2","","","","","","","true","signaling-bandits","28","0.9771875","","","","","","-56.09896217346191","","","","","","1.03125","1","","","","","","0.978125","","","","","","-55.578514137268066","","","","","","0.96875","1","","","","",""
"run-1","finished","-","dharakyu","","2022-05-14T23:06:57.000Z","774","","32","","","false","","","30","discrete_2-reward-matrices","","100","0.00001","","run-1","100","","","","2","","","","","","","true","signaling-bandits","29","0.9234375","","","","","","-55.92878379821777","","","","","","0.46875","1","","","","","","0.939375","","","","","","-56.08893814086914","","","","","","1","1","","","","",""
"run-5","finished","-","dharakyu","","2022-05-14T23:04:01.000Z","169","","32","","","false","","","30","discrete_1-reward-matrices","","100","0.00001","","run-5","100","","","","1","","","","","","","true","signaling-bandits","29","0.91125","","","","","","-56.12987831115723","","","","","","1.875","1","","","","","","0.91375","","","","","","-55.38982864379883","","","","","","1.84375","1","","","","",""
"run-4","finished","-","dharakyu","","2022-05-14T23:01:11.000Z","166","","32","","","false","","","30","discrete_1-reward-matrices","","100","0.00001","","run-4","100","","","","1","","","","","","","true","signaling-bandits","29","0.9375","","","","","","-57.13990310668945","","","","","","1.90625","1","","","","","","0.945","","","","","","-56.409913597106936","","","","","","1.84375","1","","","","",""
"run-3","finished","-","dharakyu","","2022-05-14T22:58:25.000Z","162","","32","","","false","","","30","discrete_1-reward-matrices","","100","0.00001","","run-3","100","","","","1","","","","","","","true","signaling-bandits","29","0.9153125","","","","","","-56.11951580047607","","","","","","1.84375","1","","","","","","0.9078125","","","","","","-56.42945793151856","","","","","","1.90625","1","","","","",""
"run-2","finished","-","dharakyu","","2022-05-14T22:55:42.000Z","160","","32","","","false","","","30","discrete_1-reward-matrices","","100","0.00001","","run-2","100","","","","1","","","","","","","true","signaling-bandits","29","0.9503125","","","","","","-55.769998168945314","","","","","","1.84375","1","","","","","","0.934375","","","","","","-55.05999824523926","","","","","","1.96875","1","","","","",""
"run-1","finished","-","dharakyu","","2022-05-14T22:52:53.000Z","165","","32","","","false","","","30","discrete_1-reward-matrices","","100","0.00001","","run-1","100","","","","1","","","","","","","true","signaling-bandits","29","1","","","","","","-55.24997890472413","","","","","","2","1","","","","","","1","","","","","","-56.02997829437256","","","","","","2","1","","","","",""
"test_run_1","finished","-","dharakyu","","2022-05-14T22:47:48.000Z","221","","32","","","false","","","40","test_group","","100","0.00001","","test_run_1","100","","","","36","","","","","","","true","signaling-bandits","39","0.701875","","","","","","-41.980802879333496","","","","","","0.96875","0.7486356133199555","","","","","","0.7259375","","","","","","-42.206663646698","","","","","","0.9375","0.760277363585166","","","","",""
"test_run","finished","-","dharakyu","","2022-05-14T22:41:26.000Z","217","","32","","","false","","","40","test_group","","100","0.00001","","test_run","100","","","","36","","","","","","","true","signaling-bandits","39","0.590625","","","","","","-32.10637088775635","","","","","","1.46875","0.5629791983853749","","","","","","0.6090625","","","","","","-32.06053252220154","","","","","","1.0625","0.5775288226464834","","","","",""